{"cameraMode":{"drawMode":0,"name":"Shaded","section":"Shading Mode"},"sceneLighting":true,"audioPlay":false,"sceneViewState":{"m_AlwaysRefresh":false,"showFog":true,"showSkybox":true,"showFlares":true,"showImageEffects":true,"showParticleSystems":true,"showVisualEffectGraphs":true,"m_FxEnabled":true},"in2DMode":false,"pivot":{"x":-0.1109013557434082,"y":2.0984396934509279,"z":-1.087918758392334},"rotation":{"x":-0.021292714402079583,"y":-0.038386501371860507,"z":0.00082704599481076,"w":-0.99904865026474},"size":1.5034388303756714,"orthographic":false}